date,ticker,open,high,low,close,adj_close,volume
2026-02-02,AAPL,260.0299987792969,270.489990234375,259.2099914550781,270.010009765625,269.5093078613281,73913400
2026-02-03,AAPL,269.20001220703125,271.8800048828125,267.6099853515625,269.4800109863281,268.98028564453125,64394700
2026-02-04,AAPL,272.2900085449219,278.95001220703125,272.2900085449219,276.489990234375,275.97723388671875,90545700
2026-02-05,AAPL,278.1300048828125,279.5,273.2300109863281,275.9100036621094,275.3983459472656,52977400
2026-02-06,AAPL,277.1199951171875,280.9100036621094,276.92999267578125,278.1199951171875,277.6042175292969,50453400
2026-02-09,AAPL,277.9100036621094,278.20001220703125,271.70001220703125,274.6199951171875,274.3672180175781,44623400
2026-02-10,AAPL,274.8900146484375,275.3699951171875,272.94000244140625,273.67999267578125,273.4280700683594,34376900
2026-02-11,AAPL,274.70001220703125,280.17999267578125,274.45001220703125,275.5,275.24639892578125,51931300
2026-02-12,AAPL,275.5899963378906,275.7200012207031,260.17999267578125,261.7300109863281,261.4891052246094,81077200
2026-02-13,AAPL,262.010009765625,262.2300109863281,255.4499969482422,255.77999877929688,255.5445556640625,56290700
2026-02-17,AAPL,258.04998779296875,266.2900085449219,255.5399932861328,263.8800048828125,263.6371154785156,58469100
2026-02-18,AAPL,263.6000061035156,266.82000732421875,262.45001220703125,264.3500061035156,264.106689453125,34203300
2026-02-19,AAPL,262.6000061035156,264.4800109863281,260.04998779296875,260.5799865722656,260.3401184082031,30845300
2026-02-20,AAPL,258.9700012207031,264.75,258.1600036621094,264.5799865722656,264.3364562988281,42070500
2026-02-23,AAPL,263.489990234375,269.42999267578125,263.3800048828125,266.17999267578125,265.9349670410156,37308200
2026-02-24,AAPL,267.8599853515625,274.8900146484375,267.7099914550781,272.1400146484375,271.8895263671875,47014600
2026-02-25,AAPL,271.7799987792969,274.94000244140625,271.04998779296875,274.2300109863281,273.97760009765625,33714300
2026-02-26,AAPL,274.95001220703125,276.1099853515625,270.79998779296875,272.95001220703125,272.6987609863281,32345100
2026-02-27,AAPL,272.80999755859375,272.80999755859375,262.8900146484375,264.17999267578125,263.93682861328125,72366500
2026-03-02,AAPL,262.4100036621094,266.5299987792969,260.20001220703125,264.7200012207031,264.476318359375,41827900
2026-03-03,AAPL,263.4800109863281,265.55999755859375,260.1300048828125,263.75,263.5072326660156,38568900
2026-03-04,AAPL,264.6499938964844,266.1499938964844,261.4200134277344,262.5199890136719,262.2783508300781,39803100
2026-03-05,AAPL,260.7900085449219,261.55999755859375,257.25,260.2900085449219,260.0504150390625,49658600
2026-03-06,AAPL,258.6300048828125,258.7699890136719,254.3699951171875,257.4599914550781,257.2229919433594,41120000
2026-03-09,AAPL,255.69000244140625,261.1499938964844,253.67999267578125,259.8800048828125,259.6407775878906,38218500
2026-03-10,AAPL,257.6499938964844,262.4800109863281,256.95001220703125,260.8299865722656,260.58990478515625,30590800
2026-03-11,AAPL,261.0899963378906,262.1300048828125,259.54998779296875,260.80999755859375,260.5699157714844,26218900
2026-03-12,AAPL,258.6600036621094,258.95001220703125,254.17999267578125,255.7599945068359,255.52456665039065,40794000
2026-03-13,AAPL,255.47999572753903,256.3299865722656,249.52000427246097,250.1199951171875,249.8897705078125,36930000
2026-03-16,AAPL,252.11000061035156,253.88999938964844,249.8800048828125,252.82000732421875,252.58729553222656,32074200
2026-03-17,AAPL,252.9600067138672,255.1300048828125,252.17999267578125,254.22999572753903,253.99598693847656,32361600
2026-03-18,AAPL,252.6300048828125,254.94000244140625,249.0,249.94000244140625,249.70994567871097,35757900
2026-03-19,AAPL,249.3999938964844,251.8300018310547,247.3000030517578,248.9600067138672,248.73085021972656,34864100
2026-03-20,AAPL,247.97999572753903,249.1999969482422,246.0,247.9900054931641,247.76173400878903,88331100
2026-03-23,AAPL,253.97000122070312,254.6000061035156,250.27999877929688,251.4900054931641,251.25851440429688,40546100
2026-03-24,AAPL,250.3500061035156,254.8300018310547,249.5500030517578,251.63999938964844,251.4083709716797,45152300
2026-03-25,AAPL,254.1000061035156,255.0,251.6000061035156,252.6199951171875,252.3874664306641,28476700
2026-03-26,AAPL,252.1199951171875,257.0,250.77000427246097,252.88999938964844,252.6572265625,41796700
2026-03-27,AAPL,253.8999938964844,255.4900054931641,248.07000732421875,248.8000030517578,248.57098388671875,47900000
2026-03-30,AAPL,250.07000732421875,250.8699951171875,245.5099945068359,246.6300048828125,246.40298461914065,39446200
2026-03-31,AAPL,247.91000366210935,255.47999572753903,247.1000061035156,253.7899932861328,253.5563812255859,49598100
2026-04-01,AAPL,254.0800018310547,256.17999267578125,253.3300018310547,255.6300048828125,255.3946990966797,40059400
2026-04-02,AAPL,254.1999969482422,256.1300048828125,250.6499938964844,255.9199981689453,255.68443298339844,31289400
2026-04-06,AAPL,256.510009765625,262.1600036621094,256.4599914550781,258.8599853515625,258.6217041015625,29329900
2026-04-07,AAPL,256.1600036621094,256.20001220703125,245.6999969482422,253.5,253.26666259765625,62148000
2026-04-08,AAPL,258.45001220703125,259.75,256.5299987792969,258.8999938964844,258.66168212890625,41032800
2026-04-09,AAPL,259.0,261.1199951171875,256.07000732421875,260.489990234375,260.2502136230469,28121600
2026-04-10,AAPL,259.9800109863281,262.19000244140625,259.0199890136719,260.4800109863281,260.240234375,31291500
2026-04-13,AAPL,259.7300109863281,260.17999267578125,256.6600036621094,259.20001220703125,258.96142578125,36234700
2026-04-14,AAPL,259.25,261.92999267578125,257.19000244140625,258.8299865722656,258.59173583984375,48370700
2026-04-15,AAPL,258.1600036621094,266.55999755859375,257.80999755859375,266.42999267578125,266.18475341796875,49913500
2026-04-16,AAPL,266.79998779296875,267.1600036621094,261.2699890136719,263.3999938964844,263.15753173828125,43323100
2026-04-17,AAPL,266.9599914550781,272.29998779296875,266.7200012207031,270.2300109863281,269.98126220703125,61436200
2026-04-20,AAPL,270.3299865722656,274.2799987792969,270.2900085449219,273.04998779296875,272.79864501953125,36590200
2026-04-21,AAPL,271.5,272.79998779296875,265.3999938964844,266.1700134277344,265.9250183105469,50209800
2026-04-22,AAPL,267.82000732421875,273.739990234375,266.8699951171875,273.1700134277344,272.9185791015625,43249200
2026-04-23,AAPL,275.04998779296875,275.7699890136719,271.6499938964844,273.42999267578125,273.1783142089844,33399600
2026-04-24,AAPL,272.760009765625,273.05999755859375,269.6499938964844,271.05999755859375,270.81048583984375,38157100
2026-04-27,AAPL,266.0899963378906,268.3599853515625,265.07000732421875,267.6099853515625,267.3636474609375,41466800
2026-04-28,AAPL,272.3399963378906,273.2300109863281,268.6600036621094,270.7099914550781,270.4608154296875,40018900
2026-04-29,AAPL,267.54998779296875,271.0400085449219,267.0400085449219,270.1700134277344,269.92132568359375,30047900
2026-04-30,AAPL,270.5,276.0,268.1400146484375,271.3500061035156,271.1002502441406,91848200
2026-05-01,AAPL,278.8599853515625,287.2200012207031,278.3699951171875,280.1400146484375,279.88214111328125,79915400
2026-05-04,AAPL,279.6600036621094,280.6300048828125,274.8599853515625,276.8299865722656,276.5751647949219,46668400
2026-05-05,AAPL,276.92999267578125,284.57000732421875,276.5,284.17999267578125,283.9184265136719,49311700
2026-05-06,AAPL,281.9200134277344,288.0299987792969,281.07000732421875,287.510009765625,287.245361328125,58336100
2026-05-07,AAPL,289.2699890136719,292.1300048828125,285.7799987792969,287.44000244140625,287.1754150390625,45224300
2026-05-08,AAPL,290.010009765625,294.760009765625,290.0,293.32000732421875,293.0500183105469,52692800
2026-05-11,AAPL,291.9800109863281,293.8800048828125,290.2300109863281,292.67999267578125,292.67999267578125,42247300
2026-05-12,AAPL,292.55999755859375,295.2699890136719,292.55999755859375,294.79998779296875,294.79998779296875,45748100
2026-05-13,AAPL,293.5,300.9200134277344,293.5,298.8699951171875,298.8699951171875,52684300
2026-05-14,AAPL,299.82000732421875,300.45001220703125,295.3800048828125,298.2099914550781,298.2099914550781,35324900
2026-05-15,AAPL,297.8999938964844,303.20001220703125,296.5199890136719,300.2300109863281,300.2300109863281,54862800
2026-05-18,AAPL,300.239990234375,300.6600036621094,294.9100036621094,297.8399963378906,297.8399963378906,34483000
2026-05-19,AAPL,296.9700012207031,300.510009765625,296.3500061035156,298.9700012207031,298.9700012207031,42243600
2026-05-20,AAPL,298.17999267578125,302.79998779296875,298.0799865722656,302.25,302.25,38229800
2026-05-21,AAPL,301.05999755859375,305.5400085449219,300.3999938964844,304.989990234375,304.989990234375,42965100
2026-05-22,AAPL,306.1199951171875,311.3999938964844,305.8399963378906,308.82000732421875,308.82000732421875,43670200
2026-05-26,AAPL,309.55999755859375,311.82000732421875,307.6700134277344,308.3299865722656,308.3299865722656,48000500
2026-05-27,AAPL,308.3299865722656,313.260009765625,308.29998779296875,310.8500061035156,310.8500061035156,50430900
2026-05-28,AAPL,310.67999267578125,312.79998779296875,309.57000732421875,312.510009765625,312.510009765625,48220400
2026-05-29,AAPL,311.7799987792969,315.0,309.5299987792969,312.05999755859375,312.05999755859375,70026800
2026-06-01,AAPL,309.6300048828125,310.94000244140625,305.0199890136719,306.30999755859375,306.30999755859375,48849900
2026-06-02,AAPL,307.4599914550781,315.45001220703125,306.69000244140625,315.20001220703125,315.20001220703125,44534700
2026-06-03,AAPL,314.17999267578125,316.94000244140625,308.8500061035156,310.260009765625,310.260009765625,50836700
2026-06-04,AAPL,313.2300109863281,313.5400085449219,309.6499938964844,311.2300109863281,311.2300109863281,44869100
2026-06-05,AAPL,312.8599853515625,315.1700134277344,307.1499938964844,307.3399963378906,307.3399963378906,65310500
2026-06-08,AAPL,308.739990234375,317.3999938964844,301.1700134277344,301.5400085449219,301.5400085449219,77949100
2026-06-09,AAPL,300.2799987792969,300.75,287.7799987792969,290.54998779296875,290.54998779296875,70108800
2026-06-10,AAPL,290.739990234375,294.75,287.3800048828125,291.5799865722656,291.5799865722656,52793300
2026-06-11,AAPL,293.7200012207031,297.0,289.5899963378906,295.6300048828125,295.6300048828125,42572500
2026-06-12,AAPL,296.0299987792969,297.1400146484375,289.6199951171875,291.1300048828125,291.1300048828125,38742100
2026-06-15,AAPL,294.1199951171875,297.7799987792969,291.70001220703125,296.4200134277344,296.4200134277344,45732600
2026-06-16,AAPL,295.25,300.4800109863281,293.9700012207031,299.239990234375,299.239990234375,39874400
2026-06-17,AAPL,300.8500061035156,302.07000732421875,294.3599853515625,295.95001220703125,295.95001220703125,42745100
2026-06-18,AAPL,298.1099853515625,300.57000732421875,295.6199951171875,298.010009765625,298.010009765625,85962200
2026-06-22,AAPL,297.30999755859375,302.4200134277344,296.760009765625,297.010009765625,297.010009765625,44879900
2026-06-23,AAPL,297.5400085449219,301.6400146484375,294.17999267578125,294.29998779296875,294.29998779296875,52010900
2026-06-24,AAPL,295.3599853515625,299.70001220703125,292.94000244140625,293.0799865722656,293.0799865722656,53081900
2026-06-25,AAPL,287.3999938964844,288.79998779296875,273.75,275.1499938964844,275.1499938964844,107013700
2026-06-26,AAPL,275.0,285.95001220703125,274.2099914550781,283.7799987792969,283.7799987792969,261775500
2026-06-29,AAPL,286.7300109863281,288.3699951171875,279.8500061035156,281.739990234375,281.739990234375,66427000
2026-06-30,AAPL,281.1700134277344,289.94000244140625,280.70001220703125,289.3599853515625,289.3599853515625,65100200
2026-07-01,AAPL,293.44000244140625,296.5899963378906,289.20001220703125,294.3800048828125,294.3800048828125,50164200
2026-07-02,AAPL,294.1199951171875,309.4200134277344,293.67999267578125,308.6300048828125,308.6300048828125,75352800
2026-07-06,AAPL,307.3599853515625,314.20001220703125,307.0,312.6600036621094,312.6600036621094,53590000
2026-07-07,AAPL,315.2900085449219,315.4800109863281,310.1499938964844,310.6600036621094,310.6600036621094,42490000
2026-07-08,AAPL,311.9100036621094,314.82000732421875,307.04998779296875,313.3900146484375,313.3900146484375,41323500
2026-07-09,AAPL,310.510009765625,316.5299987792969,308.1600036621094,316.2200012207031,316.2200012207031,48124500
2026-07-10,AAPL,314.7200012207031,316.9100036621094,312.1700134277344,315.32000732421875,315.32000732421875,34132300
2026-07-13,AAPL,317.0199890136719,323.45001220703125,315.7799987792969,317.30999755859375,317.30999755859375,43257800
2026-07-14,AAPL,313.760009765625,316.19000244140625,311.9100036621094,314.8599853515625,314.8599853515625,36336800
2026-07-15,AAPL,317.6199951171875,328.7300109863281,317.32000732421875,327.5,327.5,60957600
2026-07-16,AAPL,328.010009765625,334.67999267578125,326.7900085449219,333.260009765625,332.97283935546875,62970600
2026-07-17,AAPL,331.9800109863281,334.989990234375,329.0,333.739990234375,333.452392578125,63407100
2026-07-20,AAPL,333.510009765625,333.7099914550781,323.67999267578125,326.5899963378906,326.3085632324219,53468000
2026-07-21,AAPL,323.1300048828125,329.6000061035156,322.2200012207031,327.739990234375,327.45758056640625,41338900
2026-07-22,AAPL,327.8699951171875,329.0,323.3399963378906,325.8900146484375,325.60919189453125,38755900
2026-07-23,AAPL,321.7300109863281,323.29998779296875,319.3500061035156,321.6600036621094,321.3828430175781,40840800
2026-07-24,AAPL,321.7900085449219,334.3699951171875,321.6199951171875,333.0199890136719,332.7330322265625,47489400
2026-07-27,AAPL,334.5400085449219,339.57000732421875,334.0199890136719,336.9100036621094,336.61968994140625,49604300
2026-07-28,AAPL,340.0299987792969,342.8900146484375,335.6000061035156,340.0799865722656,339.78692626953125,51859000
2026-07-29,AAPL,339.7300109863281,344.57000732421875,337.3500061035156,338.19000244140625,337.8985900878906,56090800
2026-07-30,AAPL,333.1000061035156,334.75,329.5899963378906,333.42999267578125,333.1426696777344,74817800
2026-07-31,AAPL,304.80999755859375,310.69000244140625,300.0,308.9100036621094,308.6438293457031,132489100
2026-08-03,AAPL,309.5799865722656,311.79998779296875,302.55999755859375,303.4200134277344,303.1585693359375,75052000
2026-08-04,AAPL,302.7300109863281,310.4200134277344,301.32000732421875,309.3800048828125,309.1134033203125,68001000
2026-08-05,AAPL,309.3599853515625,311.7099914550781,305.6700134277344,311.0,310.7320251464844,49438800
2026-08-06,AAPL,314.3399963378906,316.2900085449219,309.2300109863281,312.4100036621094,312.14080810546875,46139900
2026-08-07,AAPL,311.45001220703125,314.80999755859375,310.739990234375,313.3299865722656,313.05999755859375,34437200
2026-08-10,AAPL,306.8299865722656,308.260009765625,304.6099853515625,308.260009765625,308.260009765625,44812500
2026-02-02,BE,151.0,158.5399932861328,147.00999450683594,156.1300048828125,156.1300048828125,9204700
2026-02-03,BE,163.16000366210938,176.49000549316406,159.02000427246094,168.88999938964844,168.88999938964844,13742700
2026-02-04,BE,168.0,169.1300048828125,134.10000610351562,147.35000610351562,147.35000610351562,17407800
2026-02-05,BE,141.97999572753906,147.14999389648438,131.66000366210938,136.60000610351562,136.60000610351562,14082300
2026-02-06,BE,153.27000427246094,156.5,133.77000427246094,143.02999877929688,143.02999877929688,20937000
2026-02-09,BE,145.0,157.0,141.3800048828125,155.1699981689453,155.1699981689453,11387600
2026-02-10,BE,152.9600067138672,157.6230010986328,142.67999267578125,148.6999969482422,148.6999969482422,9852300
2026-02-11,BE,153.5,160.0,137.19000244140625,155.5399932861328,155.5399932861328,13649400
2026-02-12,BE,159.60000610351562,160.0,136.60000610351562,139.02999877929688,139.02999877929688,13284800
2026-02-13,BE,136.2100067138672,144.60000610351562,131.0,139.74000549316406,139.74000549316406,8275100
2026-02-17,BE,135.1999969482422,145.4499969482422,131.52000427246094,145.32000732421875,145.32000732421875,7769100
2026-02-18,BE,146.64999389648438,158.39999389648438,145.5,157.27000427246094,157.27000427246094,10069800
2026-02-19,BE,154.1300048828125,160.0800018310547,150.6999969482422,159.0,159.0,8551300
2026-02-20,BE,155.8300018310547,159.11000061035156,144.05999755859375,147.5500030517578,147.5500030517578,10179300
2026-02-23,BE,147.6999969482422,161.25,145.83999633789062,160.27999877929688,160.27999877929688,10049000
2026-02-24,BE,157.39999389648438,173.07000732421875,154.69000244140625,166.1999969482422,166.1999969482422,11074000
2026-02-25,BE,169.3300018310547,180.8999938964844,167.5399932861328,174.77000427246094,174.77000427246094,10984600
2026-02-26,BE,172.60000610351562,172.60000610351562,158.83999633789062,168.57000732421875,168.57000732421875,10828600
2026-02-27,BE,164.49000549316406,167.4499969482422,151.8000030517578,155.6699981689453,155.6699981689453,11523500
2026-03-02,BE,153.41000366210938,166.27999877929688,148.19000244140625,166.0,166.0,8368900
2026-03-03,BE,156.0,158.2899932861328,147.55999755859375,153.02000427246094,153.02000427246094,10771900
2026-03-04,BE,155.6999969482422,165.0,150.14999389648438,164.77999877929688,164.77999877929688,9851100
2026-03-05,BE,161.0,165.8800048828125,151.8000030517578,159.99000549316406,159.99000549316406,9596300
2026-03-06,BE,153.0,155.75,135.11000061035156,135.19000244140625,135.19000244140625,14852800
2026-03-09,BE,134.5500030517578,153.75,132.5,151.32000732421875,151.32000732421875,12964500
2026-03-10,BE,150.8000030517578,159.64999389648438,150.7449951171875,154.0,154.0,10774600
2026-03-11,BE,153.7100067138672,164.64999389648438,153.0,159.2100067138672,159.2100067138672,9360000
2026-03-12,BE,158.85000610351562,165.41000366210938,155.6510009765625,157.1699981689453,157.1699981689453,9228800
2026-03-13,BE,160.17999267578125,163.5500030517578,151.6199951171875,154.50999450683594,154.50999450683594,7664400
2026-03-16,BE,159.39999389648438,162.27000427246094,149.27000427246094,153.67999267578125,153.67999267578125,10967000
2026-03-17,BE,152.88999938964844,161.5,151.17999267578125,160.0500030517578,160.0500030517578,6361100
2026-03-18,BE,161.42999267578125,164.49000549316406,156.3300018310547,156.5800018310547,156.5800018310547,8579000
2026-03-19,BE,151.5,167.97000122070312,148.52999877929688,166.69000244140625,166.69000244140625,9643800
2026-03-20,BE,167.35000610351562,169.08999633789062,148.05999755859375,150.1199951171875,150.1199951171875,15966000
2026-03-23,BE,155.99000549316406,157.38999938964844,141.25,141.3300018310547,141.3300018310547,12643400
2026-03-24,BE,140.51499938964844,146.6699981689453,136.9600067138672,145.8800048828125,145.8800048828125,11845800
2026-03-25,BE,147.6199951171875,153.7030029296875,145.44000244140625,150.22000122070312,150.22000122070312,7160100
2026-03-26,BE,145.0,149.50999450683594,131.5,133.52000427246094,133.52000427246094,11103400
2026-03-27,BE,132.99000549316406,149.27000427246094,129.0500030517578,133.24000549316406,133.24000549316406,8421800
2026-03-30,BE,133.3249969482422,133.75999450683594,116.50499725341795,119.51000213623048,119.51000213623048,13266700
2026-03-31,BE,123.44000244140624,135.63999938964844,122.0,135.49000549316406,135.49000549316406,11520100
2026-04-01,BE,135.10000610351562,141.55999755859375,132.13999938964844,132.4499969482422,132.4499969482422,12365700
2026-04-02,BE,124.83999633789062,137.27999877929688,123.16000366210938,135.6300048828125,135.6300048828125,5639200
2026-04-06,BE,136.17999267578125,140.3000030517578,133.57000732421875,135.0,135.0,4953900
2026-04-07,BE,134.9499969482422,139.4199981689453,130.5,135.91000366210938,135.91000366210938,5799700
2026-04-08,BE,149.39999389648438,156.7899932861328,144.5399932861328,146.77999877929688,146.77999877929688,10713100
2026-04-09,BE,146.8800048828125,163.2899932861328,145.52999877929688,160.1300048828125,160.1300048828125,10312400
2026-04-10,BE,161.8800048828125,170.8800048828125,160.35000610351562,166.6999969482422,166.6999969482422,9105300
2026-04-13,BE,164.72000122070312,177.5399932861328,163.22000122070312,176.6699981689453,176.6699981689453,9354100
2026-04-14,BE,202.77999877929688,219.27000427246097,197.3999938964844,219.02999877929688,219.02999877929688,25038700
2026-04-15,BE,218.9949951171875,229.5500030517578,211.16000366210935,213.83999633789065,213.83999633789065,14200200
2026-04-16,BE,213.5,215.42999267578125,202.27000427246097,210.05999755859375,210.05999755859375,8893300
2026-04-17,BE,215.69000244140625,215.69000244140625,200.22999572753903,207.86000061035156,207.86000061035156,11306200
2026-04-20,BE,207.86000061035156,220.6999969482422,201.8000030517578,218.27000427246097,218.27000427246097,8765700
2026-04-21,BE,221.5850067138672,234.3500061035156,219.6000061035156,220.91000366210935,220.91000366210935,12258800
2026-04-22,BE,228.8800048828125,235.3500061035156,226.4499969482422,229.75,229.75,7039600
2026-04-23,BE,231.5,241.6000061035156,228.13999938964844,237.57000732421875,237.57000732421875,7716600
2026-04-24,BE,240.55999755859375,242.2030029296875,231.02000427246097,231.1699981689453,231.1699981689453,6569000
2026-04-27,BE,233.6199951171875,239.0500030517578,225.5099945068359,234.67999267578125,234.67999267578125,7118300
2026-04-28,BE,228.07000732421875,239.61000061035156,216.0399932861328,226.3699951171875,226.3699951171875,15273000
2026-04-29,BE,276.54998779296875,290.5,267.4599914550781,287.9700012207031,287.9700012207031,19882500
2026-04-30,BE,295.7300109863281,296.5,261.5249938964844,283.3599853515625,283.3599853515625,13949500
2026-05-01,BE,283.94000244140625,291.69000244140625,273.2099914550781,290.5199890136719,290.5199890136719,9534800
2026-05-04,BE,297.5,302.989990234375,277.70001220703125,288.6400146484375,288.6400146484375,9901100
2026-05-05,BE,294.010009765625,299.510009765625,287.0199890136719,295.25,295.25,7478200
2026-05-06,BE,299.0,299.0,281.8399963378906,285.4700012207031,285.4700012207031,8437800
2026-05-07,BE,284.3999938964844,285.1789855957031,256.2699890136719,258.6400146484375,258.6400146484375,10704500
2026-05-08,BE,271.2200012207031,272.5559997558594,249.1000061035156,261.0299987792969,261.0299987792969,14413700
2026-05-11,BE,269.5,296.3900146484375,267.9800109863281,283.9200134277344,283.9200134277344,11493900
2026-05-12,BE,276.0,289.45001220703125,265.3900146484375,280.69000244140625,280.69000244140625,7479400
2026-05-13,BE,285.7200012207031,297.8699951171875,270.04998779296875,289.760009765625,289.760009765625,9073800
2026-05-14,BE,291.0,310.0,282.1000061035156,303.4100036621094,303.4100036621094,8049200
2026-05-15,BE,286.7900085449219,288.70001220703125,275.3999938964844,275.95001220703125,275.95001220703125,10110000
2026-05-18,BE,275.6600036621094,277.7950134277344,249.0099945068359,258.7099914550781,258.7099914550781,10993000
2026-05-19,BE,252.7949981689453,268.5799865722656,241.75,261.3399963378906,261.3399963378906,8562400
2026-05-20,BE,269.17999267578125,292.989990234375,264.3349914550781,282.30999755859375,282.30999755859375,10408900
2026-05-21,BE,286.95001220703125,318.489990234375,285.30999755859375,307.8800048828125,307.8800048828125,13931600
2026-05-22,BE,320.32000732421875,322.8299865722656,301.8500061035156,302.489990234375,302.489990234375,9523500
2026-05-26,BE,315.95001220703125,318.0,300.5,302.3999938964844,302.3999938964844,8860600
2026-05-27,BE,300.75,303.9410095214844,285.8999938964844,293.79998779296875,293.79998779296875,6628400
2026-05-28,BE,297.69000244140625,306.7200012207031,286.2699890136719,290.010009765625,290.010009765625,7841800
2026-05-29,BE,280.0,287.0,268.1300048828125,285.0,285.0,16911700
2026-06-01,BE,277.6700134277344,287.69000244140625,270.0,273.510009765625,273.510009765625,10358100
2026-06-02,BE,280.3900146484375,305.1099853515625,279.1000061035156,302.8500061035156,302.8500061035156,12996700
2026-06-03,BE,296.80999755859375,298.5,282.9100036621094,287.32000732421875,287.32000732421875,7869100
2026-06-04,BE,278.7850036621094,295.69000244140625,272.1099853515625,291.3699951171875,291.3699951171875,6633400
2026-06-05,BE,280.0,280.4100036621094,252.0800018310547,263.6099853515625,263.6099853515625,11653200
2026-06-08,BE,265.5,265.510009765625,248.58200073242188,253.57000732421875,253.57000732421875,8618500
2026-06-09,BE,261.94000244140625,280.739990234375,241.9199981689453,259.6099853515625,259.6099853515625,16201400
2026-06-10,BE,248.19000244140625,258.6300048828125,230.60499572753903,234.22999572753903,234.22999572753903,15509100
2026-06-11,BE,239.7050018310547,252.82000732421875,232.82000732421875,248.8800048828125,248.8800048828125,8874300
2026-06-12,BE,246.0,269.2300109863281,245.0,260.2200012207031,260.2200012207031,8610600
2026-06-15,BE,272.989990234375,280.5,269.5299987792969,274.5,274.5,9171700
2026-06-16,BE,274.1000061035156,297.9700012207031,271.010009765625,280.8800048828125,280.8800048828125,11266700
2026-06-17,BE,283.4100036621094,295.82501220703125,280.4100036621094,284.989990234375,284.989990234375,11015900
2026-06-18,BE,297.6000061035156,329.510009765625,294.80999755859375,328.9100036621094,328.9100036621094,16009200
2026-06-22,BE,332.0,349.989990234375,330.0,345.8500061035156,345.8500061035156,11308600
2026-06-23,BE,309.3500061035156,329.69000244140625,300.30999755859375,321.9800109863281,321.9800109863281,11493600
2026-06-24,BE,327.54998779296875,345.5,315.010009765625,326.19000244140625,326.19000244140625,11015300
2026-06-25,BE,346.2900085449219,351.2799987792969,297.9700012207031,309.17999267578125,309.17999267578125,13128300
2026-06-26,BE,294.5199890136719,298.5299987792969,247.7400054931641,252.02000427246097,252.02000427246097,57203700
2026-06-29,BE,272.45001220703125,283.6199951171875,261.3299865722656,275.010009765625,275.010009765625,17520600
2026-06-30,BE,279.70001220703125,308.82000732421875,279.32000732421875,302.70001220703125,302.70001220703125,14490600
2026-07-01,BE,290.6300048828125,320.0,286.25,289.5,289.5,16354900
2026-07-02,BE,297.8699951171875,307.8190002441406,257.510009765625,270.8900146484375,270.8900146484375,15724900
2026-07-06,BE,280.9200134277344,305.4100036621094,276.67999267578125,295.04998779296875,295.04998779296875,11624400
2026-07-07,BE,286.5,290.9200134277344,261.510009765625,269.57000732421875,269.57000732421875,11188700
2026-07-08,BE,262.5950012207031,269.7200012207031,235.33999633789065,254.2899932861328,254.2899932861328,19197800
2026-07-09,BE,276.0799865722656,276.0799865722656,253.32000732421875,257.0199890136719,257.0199890136719,10512100
2026-07-10,BE,251.2050018310547,251.2050018310547,229.5500030517578,244.61000061035156,244.61000061035156,14888300
2026-07-13,BE,231.3800048828125,246.7899932861328,228.3000030517578,233.4900054931641,233.4900054931641,10068600
2026-07-14,BE,246.58999633789065,252.0,234.52999877929688,243.3999938964844,243.3999938964844,8768300
2026-07-15,BE,243.1000061035156,244.49200439453125,216.27999877929688,239.3800048828125,239.3800048828125,11200200
2026-02-02,NKE,61.65999984741211,62.56999969482422,61.150001525878906,62.18000030517578,61.2221794128418,11006300
2026-02-03,NKE,61.779998779296875,62.529998779296875,60.43000030517578,60.93000030517578,59.99143600463867,17322100
2026-02-04,NKE,61.720001220703125,64.41000366210938,61.5099983215332,64.22000122070312,63.23075866699219,20957700
2026-02-05,NKE,64.19000244140625,64.58000183105469,62.09000015258789,62.70000076293945,61.734169006347656,12506200
2026-02-06,NKE,63.0099983215332,64.23999786376953,63.0,63.91999816894531,62.93537521362305,11961500
2026-02-09,NKE,63.56999969482422,63.90999984741211,62.369998931884766,62.40999984741211,61.448638916015625,12920800
2026-02-10,NKE,63.0,64.19000244140625,62.290000915527344,63.040000915527344,62.06893539428711,13003400
2026-02-11,NKE,63.900001525878906,64.01000213623047,61.68000030517578,62.349998474121094,61.38956069946289,15511900
2026-02-12,NKE,62.33000183105469,62.720001220703125,60.849998474121094,61.099998474121094,60.1588134765625,13602400
2026-02-13,NKE,61.59000015258789,63.380001068115234,61.59000015258789,63.130001068115234,62.15755081176758,20180900
2026-02-17,NKE,62.939998626708984,64.81999969482422,62.939998626708984,64.81999969482422,63.82151412963867,12347500
2026-02-18,NKE,64.30999755859375,66.1500015258789,64.30999755859375,65.55000305175781,64.54026794433594,11211500
2026-02-19,NKE,65.19999694824219,65.83999633789062,64.25,65.61000061035156,64.5993423461914,10778300
2026-02-20,NKE,65.30000305175781,68.48999786376953,63.33000183105469,65.4000015258789,64.39258575439453,33436800
2026-02-23,NKE,64.5999984741211,64.97000122070312,62.04999923706055,63.09000015258789,62.1181640625,17748800
2026-02-24,NKE,63.279998779296875,64.69999694824219,62.599998474121094,64.08999633789062,63.10275650024414,14296100
2026-02-25,NKE,63.88999938964844,64.22000122070312,63.2599983215332,63.400001525878906,62.42338943481445,9500800
2026-02-26,NKE,64.20999908447266,65.05999755859375,63.779998779296875,63.95000076293945,62.96491622924805,10319100
2026-02-27,NKE,62.720001220703125,62.720001220703125,61.52000045776367,62.18000030517578,61.2221794128418,18017400
2026-03-02,NKE,59.900001525878906,61.529998779296875,59.13999938964844,61.0099983215332,60.46891784667969,15335000
2026-03-03,NKE,59.439998626708984,60.11000061035156,58.619998931884766,59.38999938964844,58.86328887939453,17438600
2026-03-04,NKE,59.189998626708984,59.4900016784668,58.61000061035156,58.63999938964844,58.11993789672851,15971300
2026-03-05,NKE,58.599998474121094,58.790000915527344,57.43000030517578,58.02000045776367,57.50543975830078,22040200
2026-03-06,NKE,57.470001220703125,57.54999923706055,56.7599983215332,57.0099983215332,56.50439453125,16323700
2026-03-09,NKE,55.7400016784668,56.709999084472656,55.38999938964844,56.529998779296875,56.02865219116211,18053100
2026-03-10,NKE,56.70000076293945,57.2400016784668,55.79999923706055,56.08000183105469,55.582645416259766,15706400
2026-03-11,NKE,57.599998474121094,57.599998474121094,55.40999984741211,55.70000076293945,55.20601272583008,20245300
2026-03-12,NKE,55.279998779296875,55.459999084472656,54.029998779296875,54.130001068115234,53.649940490722656,18611800
2026-03-13,NKE,54.34000015258789,54.869998931884766,53.7400016784668,53.97999954223633,53.50126647949219,14377100
2026-03-16,NKE,54.27000045776367,55.06999969482422,53.97999954223633,54.790000915527344,54.30408477783203,13115200
2026-03-17,NKE,55.45000076293945,55.68000030517578,55.0,55.119998931884766,54.63115692138672,9861400
2026-03-18,NKE,54.5,54.959999084472656,53.2599983215332,53.470001220703125,52.995792388916016,16861300
2026-03-19,NKE,52.900001525878906,53.630001068115234,52.59000015258789,53.439998626708984,52.96605682373047,12307700
2026-03-20,NKE,52.939998626708984,53.61000061035156,52.18000030517578,52.369998931884766,51.90554428100586,19566100
2026-03-23,NKE,53.279998779296875,53.560001373291016,52.529998779296875,52.709999084472656,52.242530822753906,15242700
2026-03-24,NKE,52.36000061035156,54.08000183105469,52.27000045776367,53.4900016784668,53.0156135559082,12073800
2026-03-25,NKE,53.7599983215332,54.220001220703125,52.560001373291016,52.97999954223633,52.510135650634766,13427100
2026-03-26,NKE,52.7599983215332,53.619998931884766,51.869998931884766,52.06999969482422,51.60820770263672,14486700
2026-03-27,NKE,51.709999084472656,52.11000061035156,51.20000076293945,51.369998931884766,50.91441345214844,13077800
2026-03-30,NKE,51.43000030517578,52.189998626708984,50.95000076293945,51.2400016784668,50.78556823730469,16869200
2026-03-31,NKE,51.93000030517578,53.11000061035156,51.689998626708984,52.81999969482422,52.35155487060547,36422800
2026-04-01,NKE,46.560001373291016,46.83000183105469,44.560001373291016,44.630001068115234,44.23419189453125,114225700
2026-04-02,NKE,43.7599983215332,44.34000015258789,43.16999816894531,44.189998626708984,43.798091888427734,63242600
2026-04-06,NKE,44.15999984741211,44.380001068115234,43.560001373291016,44.029998779296875,43.63951110839844,26999600
2026-04-07,NKE,43.70000076293945,43.869998931884766,42.36000061035156,42.689998626708984,42.31139373779297,38253000
2026-04-08,NKE,43.90999984741211,44.29999923706055,42.7599983215332,43.130001068115234,42.74749374389648,29462900
2026-04-09,NKE,43.220001220703125,44.220001220703125,42.720001220703125,44.0,43.60977935791016,24147400
2026-04-10,NKE,43.83000183105469,43.959999084472656,42.400001525878906,42.619998931884766,42.24201583862305,26094800
2026-04-13,NKE,42.22999954223633,42.97999954223633,42.09000015258789,42.90999984741211,42.52944564819336,21236700
2026-04-14,NKE,42.9900016784668,44.209999084472656,42.95000076293945,44.20000076293945,43.808006286621094,22554100
2026-04-15,NKE,45.09000015258789,45.900001525878906,44.709999084472656,45.439998626708984,45.03700637817383,31523500
2026-04-16,NKE,45.79999923706055,46.4900016784668,45.54999923706055,45.70000076293945,45.294700622558594,21766300
2026-04-17,NKE,46.380001068115234,46.779998779296875,45.779998779296875,46.029998779296875,45.62177276611328,31290400
2026-04-20,NKE,45.97999954223633,46.560001373291016,45.56999969482422,46.47999954223633,46.06778335571289,19003100
2026-04-21,NKE,46.77000045776367,46.970001220703125,45.93000030517578,46.38999938964844,45.97858047485352,22194000
2026-04-22,NKE,46.310001373291016,46.95000076293945,45.5,45.68000030517578,45.274879455566406,17985200
2026-04-23,NKE,45.58000183105469,45.75,44.2400016784668,44.779998779296875,44.38285827636719,17457500
2026-04-24,NKE,44.97999954223633,45.41999816894531,44.59000015258789,44.689998626708984,44.29365539550781,15885000
2026-04-27,NKE,44.599998474121094,45.40999984741211,44.4900016784668,45.13999938964844,44.73966598510742,14583100
2026-04-28,NKE,45.380001068115234,45.709999084472656,44.75,45.029998779296875,44.63064193725586,12426000
2026-04-29,NKE,44.91999816894531,45.15999984741211,44.150001525878906,44.38999938964844,43.99631881713867,13329700
2026-04-30,NKE,44.09000015258789,44.810001373291016,43.5099983215332,44.36000061035156,43.96658706665039,21679500
2026-05-01,NKE,44.81999969482422,44.959999084472656,44.220001220703125,44.400001525878906,44.00623321533203,11562800
2026-05-04,NKE,44.189998626708984,44.34000015258789,43.09000015258789,43.09000015258789,42.70784759521485,33272400
2026-05-05,NKE,43.040000915527344,43.29999923706055,42.650001525878906,43.060001373291016,42.67811584472656,18589700
2026-05-06,NKE,43.630001068115234,44.06999969482422,43.20000076293945,43.880001068115234,43.490840911865234,19406700
2026-05-07,NKE,44.04999923706055,44.63999938964844,44.0099983215332,44.40999984741211,44.01613998413086,17177700
2026-05-08,NKE,44.2599983215332,44.65999984741211,43.79999923706055,44.13999938964844,43.74853515625,17357100
2026-05-11,NKE,44.06999969482422,44.06999969482422,42.38999938964844,42.38999938964844,42.01405715942383,24863800
2026-05-12,NKE,42.29999923706055,42.5099983215332,42.060001373291016,42.349998474121094,41.97441101074219,21271300
2026-05-13,NKE,42.20000076293945,42.61000061035156,41.70000076293945,42.34000015258789,41.964500427246094,21325200
2026-05-14,NKE,42.560001373291016,42.83000183105469,41.9900016784668,42.02000045776367,41.6473388671875,19146900
2026-05-15,NKE,42.0,42.779998779296875,41.84000015258789,41.880001068115234,41.50857925415039,26172600
2026-05-18,NKE,41.880001068115234,42.75,41.349998474121094,42.56999969482422,42.19245910644531,18694900
2026-05-19,NKE,42.599998474121094,43.20000076293945,41.810001373291016,42.41999816894531,42.04378890991211,22957900
2026-05-20,NKE,42.209999084472656,44.279998779296875,41.83000183105469,44.189998626708984,43.798091888427734,27060200
2026-05-21,NKE,43.88999938964844,44.7400016784668,43.15999984741211,44.38999938964844,43.99631881713867,18428100
2026-05-22,NKE,44.560001373291016,44.720001220703125,44.209999084472656,44.66999816894531,44.273834228515625,14905100
2026-05-26,NKE,44.70000076293945,44.95000076293945,44.099998474121094,44.939998626708984,44.54143905639648,18667600
2026-05-27,NKE,45.709999084472656,46.59000015258789,45.66999816894531,45.97999954223633,45.57221603393555,24251900
2026-05-28,NKE,45.970001220703125,47.650001525878906,45.560001373291016,47.369998931884766,46.94989013671875,22871300
2026-05-29,NKE,47.11000061035156,47.20000076293945,46.08000183105469,46.22999954223633,45.81999969482422,38949100
2026-06-01,NKE,45.52000045776367,46.279998779296875,45.04999923706055,45.93000030517578,45.93000030517578,26885100
2026-06-02,NKE,45.779998779296875,45.779998779296875,43.5099983215332,43.72999954223633,43.72999954223633,28345000
2026-06-03,NKE,43.650001525878906,43.9900016784668,43.15999984741211,43.810001373291016,43.810001373291016,18940500
2026-06-04,NKE,44.5,44.70000076293945,43.130001068115234,43.619998931884766,43.619998931884766,17350900
2026-06-05,NKE,43.29999923706055,43.7400016784668,42.790000915527344,42.97999954223633,42.97999954223633,18406500
2026-06-08,NKE,43.060001373291016,43.86000061035156,42.650001525878906,43.22999954223633,43.22999954223633,18192000
2026-06-09,NKE,43.52000045776367,45.279998779296875,43.27000045776367,44.650001525878906,44.650001525878906,21505800
2026-06-10,NKE,43.77000045776367,44.58000183105469,43.310001373291016,43.959999084472656,43.959999084472656,15335600
2026-06-11,NKE,44.52000045776367,45.97999954223633,44.220001220703125,45.959999084472656,45.959999084472656,16647500
2026-06-12,NKE,46.290000915527344,46.310001373291016,44.849998474121094,44.93000030517578,44.93000030517578,16524300
2026-06-15,NKE,45.36000061035156,46.09000015258789,45.09000015258789,45.20000076293945,45.20000076293945,14345100
2026-06-16,NKE,45.5099983215332,46.099998474121094,45.0,45.040000915527344,45.040000915527344,19591400
2026-06-17,NKE,44.900001525878906,45.849998474121094,44.15999984741211,44.189998626708984,44.189998626708984,20859700
2026-06-18,NKE,44.40999984741211,45.709999084472656,44.2400016784668,45.20000076293945,45.20000076293945,32320300
2026-06-22,NKE,44.619998931884766,44.90999984741211,43.13999938964844,43.189998626708984,43.189998626708984,25864500
2026-06-23,NKE,42.38999938964844,43.189998626708984,42.31999969482422,42.380001068115234,42.380001068115234,31517900
2026-06-24,NKE,42.040000915527344,42.33000183105469,41.310001373291016,41.81999969482422,41.81999969482422,34384300
2026-06-25,NKE,41.79999923706055,41.86000061035156,40.439998626708984,40.900001525878906,40.900001525878906,29228300
2026-06-26,NKE,40.06999969482422,41.470001220703125,40.0,40.75,40.75,33970700
2026-06-29,NKE,41.13999938964844,41.689998626708984,40.77000045776367,41.47999954223633,41.47999954223633,27824700
2026-06-30,NKE,41.380001068115234,41.63999938964844,40.88999938964844,41.04999923706055,41.04999923706055,73891500
2026-07-01,NKE,41.400001525878906,43.279998779296875,40.11000061035156,43.060001373291016,43.060001373291016,80185700
2026-07-02,NKE,44.11000061035156,45.040000915527344,43.599998474121094,44.09000015258789,44.09000015258789,34233400
2026-07-06,NKE,43.900001525878906,44.11000061035156,41.84000015258789,43.34000015258789,43.34000015258789,21979100
2026-07-07,NKE,43.720001220703125,44.040000915527344,42.880001068115234,43.209999084472656,43.209999084472656,17784900
2026-07-08,NKE,42.70000076293945,43.2599983215332,42.06999969482422,42.88999938964844,42.88999938964844,21101500
2026-07-09,NKE,42.689998626708984,43.060001373291016,42.130001068115234,42.779998779296875,42.779998779296875,19647000
2026-07-10,NKE,43.41999816894531,44.630001068115234,43.060001373291016,44.369998931884766,44.369998931884766,23313500
2026-07-13,NKE,44.7599983215332,44.900001525878906,43.66999816894531,43.7599983215332,43.7599983215332,13665500
2026-07-14,NKE,44.310001373291016,44.4900016784668,42.470001220703125,42.86000061035156,42.86000061035156,13090200
2026-07-15,NKE,43.0,43.58000183105469,42.47999954223633,42.77000045776367,42.77000045776367,14388200
